name
"David Aardsma,Henry Aaron,Tommie Aaron,Don Aase,Andy Abad,Fernando Abad,John Abadie,Ed Abbaticchio,Bert Abbey,Charlie Abbey,Andrew Abbott,Cory Abbott,Dan Abbott,Fred Abbott,Glenn Abbott,Jeff Abbott,Jim Abbott,Kurt Abbott,Kyle Abbott,Ody Abbott,Paul Abbott,Al Aber,Frank Abercrombie,Reggie Abercrombie,Bill Abernathie,Brent Abernathy,James Abernathy,Tal Abernathy,Ted Abernathy,Woody Abernathy,Cliff Aberson,Harry Ables,Shawn Abner,Cal Abrams,CJ Abrams,George Abrams,Johnny Abrego,Albert Abreu,Bobby Abreu,Bryan Abreu,Eufemio Abreu,Joe Abreu,José Abreu,Juan Abreu,Tony Abreu,Wilyer Abreu,Winston Abreu,Bill Abstein,Jeremy Accardo,Domingo Acevedo,Jose Acevedo,Juan Acevedo,Alfredo Aceves,A.J. Achter,Jim Acker,Tom Acker,Dustin Ackley,Fritz Ackley,Cy Acosta,Ed Acosta,José Acosta,Manny Acosta,Merito Acosta,Mark Acre,Garrett Acton,Luisangel Acuña,Ronald Acuña Jr.,Jerry Adair,Jimmy Adair,Jason Adam,Cristhian Adames,Willy Adames,Adams,Ace Adams,Austin Adams,Austin Adams,Babe Adams,Bert Adams,Bob Adams,Bob Adams,Bob Adams,Bobby Adams,Buster Adams,Chance Adams,Dan Adams,David Adams,Dick Adams,Doug Adams,Emery Adams,George Adams,Glenn Adams,Herb Adams,Jim Adams,Joe Adams,Jordyn Adams,Karl Adams,Lane Adams,Matt Adams,Mike Adams,Mike Adams,Red Adams,Rick Adams,Ricky Adams,Riley Adams,Russ Adams,Ryan Adams,Sparky Adams,Spencer Adams,Terry Adams,Willie Adams,Willie Adams,Joel Adamson,Mike Adamson,Joe Adcock,Nathan Adcock,Ty Adcock,Bob Addis,Jim Adduci,Jim Adduci,Bob Addy,Jo Adell,Nick Adenhart,Morrie Aderholt,Dewey Adkins,Dick Adkins,Grady Adkins,Jon Adkins,Merle Adkins,Steve Adkins,Tim Adleman,Dave Adlesh,Joan Adon,Ehire Adrianza,Troy Afenir,Jeremy Affeldt,Benny Agbayani,Tommie Agee,Harry Agganis,Joe Agler,Sam Agnew,Zach Agnos,Juan Agosto,Dario Agrazal,Luis Aguayo,Julian Aguiar,Chris Aguila,Jesús Aguilar,Miguel Aguilar,Ryan Aguilar,Rick Aguilera,Hank Aguirre,Bill Ahearn,Pat Ahearne,Nick Ahmed,Willie Aikens,Danny Ainge,Eddie Ainsmith,Kurt Ainsworth,Raleigh Aitchison,George Aiton,John Ake,Jack Aker,Darrel Akerfelds,Bill Akers,Jerry Akers,Keegan Akin,Shogo Akiyama,R.J. Alaniz,Gibson Alba,Jonathan Albaladejo,Joe Albanese,José Alberro,Andrew Albers,Matt Albers,Hanser Alberto,Butch Alberts,Cy Alberts,Gus Alberts,Johnny Albertson,Ozzie Albies,Ed Albosta,Ed Albrecht,Jack Albright,Thomas Albright,Alex Albritton,Al Alburquerque,Vic Albury,Jorge Alcalá,Santo Alcalá,Arismendy Alcántara,Israel Alcántara,Kevin Alcántara,Raúl Alcántara,Sandy Alcantara,Sergio Alcántara,Victor Alcántara,Luis Alcaraz,Scotty Alcock,Sam Aldegheri,Dale Alderson,Scott Aldred,Mike Aldrete,Jay Aldrich,Cory Aldridge,Vic Aldridge,Chuck Aleno,Blaze Alexander,Bob Alexander,Buck Alexander,Chuffie Alexander,CJ Alexander,Dale Alexander,Doyle Alexander,Gary Alexander,Gerald Alexander,Hugh Alexander,Jason Alexander,Koke Alexander,Manny Alexander,Matt Alexander,Nin Alexander,Grover Alexander,Scott Alexander,Spencer Alexander,Ted Alexander,Tyler Alexander,Walt Alexander,A.J. Alexy,Jason Alfaro,Jorge Alfaro,Antonio Alfonseca,Ángel Alfonso,Edgardo Alfonzo,Eliézer Alfonzo,Anthony Alford,Luis Alicea,Andy Allanson,Brian Allard,Kolby Allard,Cam Alldred,Alex Allen,Austin Allen,Bernie Allen,Bob Allen,Bob Allen,Bob Allen,Brandon Allen,Buddy Allen,Chad Allen,Clifford Allen,Cliney Allen,Cody Allen,Dick Allen,Dusty Allen,Earl Allen,Ethan Allen,Frank Allen,Greg Allen,Half Pint Allen,Ham Allen,Hank Allen,Hezekiah Allen,Horace Allen,Hosea Allen,Jack Allen,Jamie Allen,John Allen,Johnny Allen,Kim Allen,Lloyd Allen,Logan Allen,Logan Allen,Luke Allen,Myron Allen,Neil Allen,Newt Allen,Nick Allen,Nick Allen,Pete Allen,Rod Allen,Ron Allen,Sled Allen,Todd Allen,Toussaint Allen,Gary Allenson,Jermaine Allensworth,Gene Alley,Nick Allgeyer,Gair Allie,Bob Allietta,Allison,Andy Allison,Art Allison,Bill Allison,Bob Allison,Dana Allison,Doug Allison,Mack Allison,Milo Allison,Moody Allison,Beau Allred,Mel Almada,Armando Almanza,Carlos Almánzar,Rafael Almeida,Bill Almon,Abraham Almonte,Edwin Almonte,Erick Almonte,Héctor Almonte,Miguel Almonte,Yency Almonte,Zoilo Almonte,Albert Almora,Luis Alomá,Roberto Alomar,Sandy Alomar,Sandy Alomar,Pete Alonso,Rogelio Alonso,Yonder Alonso,Felipe Alou,Jesús Alou,Matty Alou,Moisés Alou,Whitey Alpermann,Dell Alston,Garvin Alston,Tom Alston,Walter Alston,Porfi Altamirano,Dan Altavilla,Ernie Alten,Jesse Altenburg,Aaron Altherr,Dave Altizer,George Altman,Joe Altobelli,Nick Altrock,Jose Altuve,Jake Alu,George Alusik,Elvis Alvarado,José Alvarado,Luis Alvarado,Abe Alvarez,Armando Alvarez,Clemente Álvarez,Dariel Álvarez,Dario Álvarez,Eddy Alvarez,Francisco Alvarez,Gabe Alvarez,Henderson Alvarez III,José Álvarez,José Álvarez,Juan Alvarez,Nacho Alvarez Jr.,Orlando Álvarez,Ossie Álvarez,Pedro Álvarez,R.J. Alvarez,Raúl Álvarez,Rogelio Álvarez,Tavo Álvarez,Tony Alvarez,Victor Álvarez,Wilson Álvarez,Yordan Alvarez,Max Alvis,Billy Alvord,Brant Alyea,Adbert Alzolay,Adael Amador,Joey Amalfitano,Rich Amaral,Alexi Amarista,Rubén Amaro Sr.,Rubén Amaro Jr.,Jacob Amaya,Miguel Amaya,Wayne Ambler,Chip Ambres,Héctor Ambriz,Trey Amburgey,Ed Amelung,Red Ames,Steve Ames,Alfredo Amézaga,Doc Amole,Vicente Amor,Sandy Amorós,Walter Ancker,Larry Andersen,Anderson,Alf Anderson,Allan Anderson,Andy Anderson,Bill Anderson,Bill Anderson,Bill Anderson,Bob Anderson,Bobby Anderson,Brady Anderson,Brett Anderson,Brian Anderson,Brian Anderson,Brian Anderson,Bryan Anderson,Bubbles Anderson,Bud Anderson,C. Anderson,Chase Anderson,Cody Anderson,Craig Anderson,Dave Anderson,Dave Anderson,Drew Anderson,Drew Anderson,Dwain Anderson,Fast Ball Anderson,Ferrell Anderson,Fireman Anderson,Fred Anderson,Garret Anderson,George Anderson,Goat Anderson,Grant Anderson,Hal Anderson,Harry Anderson,Ian Anderson,Jason Anderson,Jim Anderson,Jimmy Anderson,John Anderson,John Anderson,Josh Anderson,Justin Anderson,Kent Anderson,Larry Anderson,Lars Anderson,Lewis Anderson,Marlon Anderson,Matt Anderson,Mike Anderson,Mike Anderson,Nick Anderson,Orinthal Anderson,Red Anderson,Rick Anderson,Rick Anderson,Roland Anderson,Scott Anderson,Shaun Anderson,Sparky Anderson,Tanner Anderson,Tim Anderson,Tyler Anderson,Varney Anderson,Walter Anderson,Wingo Anderson,Robert Andino,Steve Andrade,John André,John Andreoli,Ernie Andres,Kim Andrew,Andrews,Andrews,Andrews,Clayton Andrews,Clayton Andrews,Curley Andrews,Ed Andrews,Elbert Andrews,Fred Andrews,Hub Andrews,Ivy Andrews,Jabbo Andrews,Jim Andrews,John Andrews,Mike Andrews,Nate Andrews,Rob Andrews,Shane Andrews,Stan Andrews,Wally Andrews,Matt Andriese,Bill Andrus,Elvis Andrus,Fred Andrus,Wyman Andrus,Joaquín Andújar,Luis Andújar,Miguel Andujar,Norm Angelini,Matt Angle,Tom Angley,Pat Ankenman,Rick Ankiel,Dean Anna,Bill Annis,Cap Anson,Eric Anthony,Joe Antolick,Dustin Antolin,Tejay Antone,John Antonelli,Johnny Antonelli,Matt Antonelli,Bill Antonello,Nori Aoki,Luis Aparicio,Bob Apodaca,Luis Aponte,Sherten Apostel,Mark Appel,Kevin Appier,Fred Applegate,Gideon Applegate,Red Applegate,Ed Appleton,Pete Appleton,Luke Appling,Aristides Aquino,Greg Aquino,Jayson Aquino,Luis Aquino,Angel Aragón,Jack Aragón,Jonathan Aranda,Pedro Arango,Víctor Arano,Elvis Araújo,Pedro Araújo,Jonathan Araúz,Maurice Archdeacon,Chris Archer,Fred Archer,Jim Archer,Jimmy Archer,George Archie,Francisco Arcia,José Arcia,Orlando Arcia,Oswaldo Arcia,Dan Ardell,Rugger Ardizoia,Joe Ardner,Danny Ardoin,Frank Arellanes,Nolan Arenado,Hipolito Arenas,J.P. Arencibia,Mario Arencibia,Hank Arft,Alberto Árias,Alex Arias,Gabriel Arias,George Arias,Joaquín Arias,Luarbert Arias,Rudy Árias,Kohei Arihara,Mario Ariosa,Buzz Arlett,Don Arlich,Steve Arlin,Felipe Armas,Marcos Armas,Tony Armas,Tony Armas,Ed Armbrister,Orville Armbrust,Charlie Armbruster,Harry Armbruster,Rogelio Armenteros,Armour,Buddy Armour,Jimmie Armstead,George Armstrong,Howard Armstrong,Jack Armstrong,Mike Armstrong,Robert Armstrong,Shawn Armstrong,Harry Arndt,Larry Arndt,Billy Arnold,Chris Arnold,Jamie Arnold,Paul Arnold,Scott Arnold,Tony Arnold,Morrie Arnovich,Brad Arnsberg,Orie Arntzen,Jonathan Aro,René Arocha,Randy Arozarena,Luis Arráez,José Arredondo,Jake Arrieta,Spencer Arrighetti,Gerry Arrigo,Rolando Arrojo,Bronson Arroyo,Christian Arroyo,Fernando Arroyo,Luis Arroyo,Rudy Arroyo,Erisbel Arruebarrena,Humberto Arteaga,Artez,Joaquín Arumís,Harry Arundel,Tug Arundel,Randy Asadoor,Jim Asbell,Casper Asbjornson,Orlando Asbury,Carlos Ascanio,José Ascanio,Cody Asche,Jairo Asencio,Miguel Asencio,Ken Ash,Rudolph Ash,Richie Ashburn,Aaron Ashby,Alan Ashby,Andy Ashby,Earl Ashby,Graham Ashcraft,Alec Asher,Tucker Ashford,Billy Ashley,Nevin Ashley,Tom Asmussen,Bob Aspromonte,Ken Aspromonte,Javier Assad,Brian Asselstine,Paul Assenmacher,Ezequiel Astacio,Pedro Astacio,Barrett Astin,Joe Astroth,Willians Astudillo,Carlos Asuaje,Scott Atchison,Justin Atchley,Charlie Atherton,Keith Atherton,Luis Atilano,Abe Atkins,Garrett Atkins,James Atkins,Joe Atkins,Mitch Atkins,Tommy Atkins,Al Atkinson,Bill Atkinson,Ed Atkinson,Harry Atkinson,Lefty Atkinson,Dick Attreau,Toby Atwell,Bill Atwood,Jake Atz,Harry Aubrey,Michael Aubrey,Derek Aucoin,Rich Aude,Rick Auerbach,Bryan Augenstein,Don August,Dave Augustine,Jerry Augustine,Cornelius Augustus,Elden Auker,Tex Aulds,Doug Ault,Phillippe Aumont,Rich Aurilia,Joe Ausanio,Brad Ausmus,Dennis Aust,Frankie Austin,Henry Austin,Jeff Austin,Jim Austin,Jimmy Austin,Raymond Austin,Rick Austin,Tyler Austin,Al Autry,Chick Autry,Martin Autry,Abiatal Avelino,Bruce Aven,Earl Averill,Earl Averill,Skip Avery,Steve Avery,Xavier Avery,Alex Avila,Bobby Ávila,Nick Avila,Pedro Avila,Luis Avilán,Mike Aviles,Ramón Avilés,Jay Avrea,Russell Awkard,Dylan Axelrod,John Axford,Benny Ayala,Bobby Ayala,Luis Ayala,Erick Aybar,Manny Aybar,Willy Aybar,Jake Aydelott,Bill Ayers,Doc Ayers,Dick Aylward,Bob Ayrault,Joe Ayrault,Joe Azcue,José Azocar,Oscar Azócar"
"José Caballero,Putsy Caballero,Trey Cabbage,Enos Cabell,Cable,César Cabral,Alberto Cabrera,Alex Cabrera,Alfredo Cabrera,Asdrúbal Cabrera,Daniel Cabrera,Edwar Cabrera,Edward Cabrera,Everth Cabrera,Fernando Cabrera,Francisco Cabrera,Génesis Cabrera,Jolbert Cabrera,José Cabrera,Lorenzo Cabrera,Luis Cabrera,Mauricio Cabrera,Melky Cabrera,Miguel Cabrera,Orlando Cabrera,Oswaldo Cabrera,Rafael Cabrera,Ramón Cabrera,Craig Cacek,Edgar Cáceres,Kelvin Cáceres,Greg Cadaret,Joe Cade,Leon Cadore,Charlie Cady,Forrest Cady,Tom Cafego,Joe Caffie,Ben Caffyn,Wayne Cage,John Cahill,Tommy Cahill,Trevor Cahill,Bob Cain,Les Cain,Lorenzo Cain,Marion Cain,Matt Cain,Sugar Cain,Cameron Cairncross,Miguel Cairo,George Caithamer,Evelio Calderín,Benito Calderón,Iván Calderón,Sam Calderone,Bruce Caldwell,Charlie Caldwell,Earl Caldwell,Mike Caldwell,Ralph Caldwell,Ray Caldwell,Kiko Calero,Bill Calhoun,Jack Calhoun,Jeff Calhoun,Kole Calhoun,Lefty Calhoun,Roland Calhoun,Willie Calhoun,Carmen Cali,Fred Caligiuri,Will Calihan,Orlando Calixte,Alex Call,Marty Callaghan,Pat Callaghan,Ben Callahan,Dave Callahan,Ed Callahan,Jamie Callahan,Jim Callahan,Jimmy Callahan,Joe Callahan,John Callahan,Leo Callahan,Ray Callahan,Wese Callahan,Alberto Callaspo,Frank Callaway,Mickey Callaway,Tyler Callihan,Johnny Callison,Ron Calloway,Dick Calmus,Mark Calvert,Paul Calvert,Blair Calvo,Jack Calvo,Napoleon Calzado,Ernie Camacho,Daniel Camarena,Jair Camargo,Johan Camargo,Fred Cambria,Hank Camelli,Daz Cameron,Jack Cameron,Kevin Cameron,Mike Cameron,Noah Cameron,Dolph Camilli,Doug Camilli,Lou Camilli,Arquimedes Caminero,Junior Caminero,Ken Caminiti,Eric Cammack,Harry Camnitz,Howie Camnitz,Howie Camp,Kid Camp,Lew Camp,Rick Camp,Shawn Camp,Tony Campana,Roy Campanella,Bert Campaneris,Al Campanis,Jim Campanis,Count Campau,Archie Campbell,Bill Campbell,Billy Campbell,Bobby Campbell,Brett Campbell,Bruce Campbell,Bullet Campbell,Dave Campbell,Dave Campbell,David Campbell,Emmet Campbell,Eric Campbell,Gilly Campbell,Hugh Campbell,Isaiah Campbell,Jim Campbell,Jim Campbell,Jim Campbell,Joe Campbell,Joe Campbell,John Campbell,Kevin Campbell,Kristian Campbell,Marc Campbell,Michael Campbell,Mike Campbell,Paul Campbell,Paul Campbell,Ron Campbell,Sam Campbell,Soup Campbell,Vin Campbell,Cardell Camper,Gustavo Campero,Sal Campfield,Jorge Campillo,Joe Campini,Sal Campisi,Frank Campos,Jose Campos,Leonel Campos,Roberto Campos,Luis Campusano,Sil Campusano,Jim Canada,George Canale,Alexander Canario,Willie Cañate,Hugh Canavan,Jim Canavan,Robinson Cancel,Casey Candaele,John Candelaria,Jeimer Candelario,Milo Candini,Tom Candiotti,John Caneira,John Cangelosi,Mark Canha,Avelino Cañizares,Bárbaro Cañizares,Jay Canizaro,Walter Cannady,Wirt Cannell,Griffin Canning,Andy Cannizaro,Chris Cannizzaro,Joe Cannon,Jonathan Cannon,Richard Cannon,José Canó,Robinson Canó,Yennier Cano,José Canseco,Ozzie Canseco,Joey Cantillo,Denio Canton,Guy Cantrell,Jorge Cantú,Ben Cantwell,Mike Cantwell,Tom Cantwell,Bart Cantz,Russ Canzler,Dominic Canzone,Conner Capel,Mike Capel,José Capellán,Lefty Capers,Doug Capilla,Carter Capps,Matt Capps,George Cappuzzello,Buzz Capra,Nick Capra,Vinny Capra,Pat Capri,Ralph Capron,Chris Capuano,Esterio Caraballo,Ramon Caraballo,Matt Carasiti,Victor Caratini,Pat Caraway,John Carbine,Bernie Carbo,John Carden,José Cardenal,Adrian Cardenas,Francisco Cárdenas,Leo Cárdenas,Randy Cardinal,Javier Cardona,Ben Cardoni,Stephen Cardullo,Don Cardwell,Rod Carew,Andy Carey,George Carey,Max Carey,Paul Carey,Roger Carey,Tom Carey,Tom Carey,Ed Carfrey,Bobby Cargo,Esmailin Caridad,Andrew Carignan,Fred Carisch,Fred Carl,John Carl,Shane Carle,Jim Carleton,Tex Carleton,Jim Carlin,Luke Carlin,Matt Carlisle,Sylvester Carlisle,Walter Carlisle,Cisco Carlos,Don Carlsen,Dan Carlson,Dylan Carlson,Hal Carlson,Jesse Carlson,Leon Carlson,Albin Carlstrom,Drew Carlton,Steve Carlton,Buddy Carlyle,Cleo Carlyle,Roy Carlyle,Don Carman,George Carman,Duke Carmel,Chet Carmichael,Rafael Carmona,Eddie Carnett,Bill Carney,Jack Carney,Pat Carney,Mike Carp,Carpenter,Bob Carpenter,Bubba Carpenter,Chris Carpenter,Chris Carpenter,Cris Carpenter,David Carpenter,David Carpenter,Drew Carpenter,Hick Carpenter,Kerry Carpenter,Lew Carpenter,Matt Carpenter,Paul Carpenter,Ryan Carpenter,Frank Carpin,Charlie Carr,Chuck Carr,Cliff Carr,George Carr,Johnny Carr,Lew Carr,Wayne Carr,Giovanni Carrara,Carlos Carrasco,D.J. Carrasco,Héctor Carrasco,Alex Carrasquel,Chico Carrasquel,Amalio Carreño,Joel Carreño,Cam Carreon,Mark Carreon,Ezequiel Carrera,Clemente Carreras,Bill Carrick,Bill Carrigan,Cesar Carrillo,Matías Carrillo,Don Carrithers,Carroll,Brett Carroll,Clay Carroll,Cliff Carroll,Cody Carroll,Corbin Carroll,Dick Carroll,Dixie Carroll,Ed Carroll,Fred Carroll,Jamey Carroll,John Carroll,Ownie Carroll,Pat Carroll,Ralph Carroll,Scott Carroll,Tom Carroll,Tom Carroll,Kid Carsey,Al Carson,Kit Carson,Matt Carson,Robert Carson,Frank Carswell,Frank Carswell,Carter,Carter,Carter,Alfred Carter,Andy Carter,Arnold Carter,Bill Carter,Charley Carter,Chris Carter,Chris Carter,Cliff Carter,Evan Carter,Gary Carter,Howie Carter,Jeff Carter,Jim Carter,Joe Carter,Lance Carter,Larry Carter,Lee Carter,Marlin Carter,Nick Carter,Otis Carter,Paul Carter,Paul Carter,Sol Carter,Spoon Carter,Steve Carter,William Carter,Ed Cartwright,Rico Carty,Mike Caruso,Bob Caruthers,Marcos Carvajal,Chuck Cary,Scott Cary,Jerry Casale,Curt Casali,Paul Casanova,Raúl Casanova,Triston Casas,Joe Cascarella,Case,Charlie Case,George Case,Bob Casey,Dan Casey,Dennis Casey,Hugh Casey,James Casey,Joe Casey,Joe Casey,Mickey Casey,Sean Casey,Tommy Casey,Bill Cash,Dave Cash,Kevin Cash,Norm Cash,Ron Cash,Carl Cashion,Andrew Cashner,Larry Casian,Alexi Casilla,Santiago Casilla,Carlos Casimiro,Craig Caskey,Ed Caskin,John Cason,Ben Casparius,Harry Cassady,Jack Cassel,Bobby Cassevah,Ed Cassian,Joe Cassidy,John Cassidy,Pete Cassidy,Scott Cassidy,Jack Cassini,Daniel Castano,Ryan Castellani,Pedro Castellano,Alex Castellanos,Humberto Castellanos,Nick Castellanos,George Caster,Jim Castiglia,Pete Castiglione,Vinny Castilla,Alberto Castillo,Alberto Castillo,Bobby Castillo,Braulio Castillo,Carlos Castillo,Carmelo Castillo,Diego Castillo,Diego Castillo,Erick Castillo,Fabio Castillo,Frank Castillo,Ivan Castillo,José Castillo,José Castillo,Juan Castillo,Juan Castillo,Lendy Castillo,Luis Castillo,Luis Castillo,Luis Castillo,Manny Castillo,Marty Castillo,Max Castillo,Rusney Castillo,Tony Castillo,Tony Castillo,Welington Castillo,Wilkin Castillo,John Castino,Vince Castino,Don Castle,John Castle,Foster Castleman,Slick Castleman,Roy Castleton,Paul Castner,Kory Casto,Ángel Castro,Anthony Castro,Bernie Castro,Bill Castro,Daniel Castro,Fabio Castro,Harold Castro,Jason Castro,Juan Castro,Kervin Castro,Lou Castro,Luis Castro,Miguel Castro,Ramón Castro,Ramón Castro,Rodolfo Castro,Simón Castro,Starlin Castro,Willi Castro,Frank Catalanotto,Troy Cate,Danny Cater,Eli Cates,Joe Cates,Mike Cather,Ted Cather,Hardin Cathey,Willie Cathey,Keefe Cato,Howdy Caton,John Cattanach,Tom Catterson,Bill Caudill,Jake Caulfield,Red Causey,Wayne Causey,Cade Cavalli,James Cavanagh,John Cavanaugh,Phil Cavarretta,Andy Cavazos,Jake Cave,Ike Caveney,Pug Cavet,Dylan Cease,Art Ceccarelli,Garin Cecchini,Gavin Cecchini,Slade Cecconi,José Cecena,Brett Cecil,Rex Cecil,Darrell Ceciliani,José Ceda,Andújar Cedeño,César Cedeño,Domingo Cedeño,Roger Cedeño,Ronny Cedeño,Xavier Cedeño,Blake Cederlind,Armando Celada,Gilberto Celestino,Juan Centeno,Pete Center,Orlando Cepeda,Goldie Cephus,Matthew Cepicky,Jaime Cerda,Ed Cermak,Rick Cerone,Juan Cerros,John Cerutti,Bob Cerv,Francisco Cervelli,Mike Cervenak,Hunter Cervenka,Yoenis Céspedes,Luis Cessa,Ron Cey,Alejandro Chacín,Gustavo Chacín,Jhoulys Chacín,Elio Chacón,Pelayo Chacón,Shawn Chacón,Chet Chadbourne,Ray Chadwick,Andrew Chafin,Leon Chagnon,Bob Chakales,Dave Chalk,George Chalmers,Bill Chamberlain,Craig Chamberlain,Ice Box Chamberlain,Joba Chamberlain,Joe Chamberlain,Wes Chamberlain,Adron Chambers,Al Chambers,Bill Chambers,Cliff Chambers,Johnnie Chambers,Rome Chambers,Rube Chambers,Jim Chamblee,Chris Chambliss,Bill Champion,Mike Champion,Bob Chance,Dean Chance,Frank Chance,Ed Chandler,Spud Chandler,Darrel Chaney,Esty Chaney,Yu Chang,Les Channell,Charlie Chant,Andrés Chaparro,Chapel,Darrin Chapin,Chaplin,Ed Chaplin,Tiny Chaplin,Aroldis Chapman,Ben Chapman,Calvin Chapman,Ed Chapman,Edward Chapman,Frank Chapman,Fred Chapman,Glenn Chapman,Harry Chapman,Jack Chapman,Jaye Chapman,John Chapman,Kelvin Chapman,Kevin Chapman,Leonardo Chapman,Matt Chapman,Ray Chapman,Sam Chapman,Travis Chapman,Harry Chappas,Larry Chappell,Bill Chappelle,Joe Charboneau,JT Chargois,Ed Charles,Frank Charles,Raymond Charles,Bennie Charleston,Oscar Charleston,Porter Charleston,Red Charleston,Norm Charlton,Mike Chartak,Babe Charter,Pete Charton,Chase,Hal Chase,Ken Chase,Buster Chatham,Chatman,Edgar Chatman,Jim Chatterton,Tyler Chatwood,Ossie Chavarria,Ángel Chávez,Anthony Chavez,Endy Chávez,Eric Chavez,Jesse Chavez,Néstor Chávez,Raúl Chávez,Michael Chavis,Dave Cheadle,Charlie Chech,Robinson Checo,Harry Cheek,Virgil Cheeves,Italo Chelini,Bruce Chen,Chin-Feng Chen,Wei-Yin Chen,Larry Cheney,Tom Cheney,Tsung-Che Cheng,Rocky Cherry,Paul Chervinko,Jack Chesbro,Bob Chesnes,David Chester,Mitch Chetkovich,Tony Chevez,Scott Chiamparino,Scott Chiasson,Travis Chick,Matt Chico,Floyd Chiffer,Harry Child,Jason Childers,Matt Childers,Bill Childress,Rocky Childress,Andy Childs,Cupid Childs,Oscar Childs,Pete Childs,Sam Childs,Son Childs,Pearce Chiles,Rich Chiles,Dino Chiozza,Lou Chiozza,Bob Chipman,Walt Chipple,Robinson Chirinos,Yonny Chirinos,Lonnie Chisenhall,Jazz Chisholm Jr.,Eli Chism,Tom Chism,John Chisum,Harry Chiti,Steve Chitren,Nelson Chittum,Angel Chivilli,Bob Chlupsa,Jin Ho Cho,Don Choate,Randy Choate,Hee-Seop Choi,Jiman Choi,Michael Choice,Shin-Soo Choo,Bobby Chouinard,Felix Chouinard,Bill Chouneau,Jackson Chourio,Harry Chozen,Mike Chris,Neil Chrisley,Lloyd Christenbury,Bruce Christensen,John Christensen,McKay Christensen,Walter Christensen,Gary Christenson,Larry Christenson,Ryan Christenson,Bob Christian,Justin Christian,Nick Christiani,Clay Christiansen,Jason Christiansen,Mark Christman,Tim Christman,Steve Christmas,Joe Christopher,Loyd Christopher,Mike Christopher,Russ Christopher,Thad Christopher,Vinnie Chulk,Bubba Church,Hi Church,Len Church,Marc Church,Ryan Church,Chuck Churn,John Churry,Larry Ciaffone,Archi Cianfrocco,Mark Ciardi,Darryl Cias,Joe Cicero,Al Cicotte,Eddie Cicotte,Ted Cieslak,Al Cihocki,Ed Cihocki,Adam Cimber,Pete Cimino,Gino Cimoli,Frank Cimorelli,Tony Cingrani,Alex Cintrón,Lou Ciola,Frank Cipriani,Pedro Ciriaco,Jeff Cirillo,George Cisar,Cisco,Galen Cisco,Steve Cishek,José Cisnero,Bill Cissell,Ralph Citarella,Nick Ciuffo,Aaron Civale,Moose Clabaugh,Bobby Clack,Anthony Claggett,Preston Claiborne,Davey Claire,Al Clancy,Bill Clancy,Bud Clancy,Jim Clancy,Eucal Clanton,Chris Clapinski,Aaron Clapp,John Clapp,Stubby Clapp,Denny Clare,Doug Clarey,Clark,Clark,Clark,Clark,Albert Clark,Alex Clark,Allie Clark,Bob Clark,Bob Clark,Bobby Clark,Brady Clark,Bryan Clark,Cap Clark,Cleveland Clark,Cody Clark,Dad Clark,Danny Clark,Dave Clark,Dell Clark,Doug Clark,Earl Clark,Ed Clark,George Clark,Ginger Clark,Glen Clark,Harry Clark,Howie Clark,Jack Clark,Jerald Clark,Jermaine Clark,Jim Clark,Jim Clark,Jim Clark,Maceo Clark,Mark Clark,Matt Clark,Mel Clark,Mike Clark,Morten Clark,Otey Clark,Phil Clark,Phil Clark,Ray Clark,Rickey Clark,Ron Clark,Roy Clark,Sensation Clark,Spider Clark,Terry Clark,Tony Clark,Watson Clark,Will Clark,Willie Clark,Win Clark,Zach Clark,Artie Clarke,Bob Clarke,Calvin Clarke,Dad Clarke,Darren Clarke,Fred Clarke,Grey Clarke,Harry Clarke,Henry Clarke,Horace Clarke,Jay Clarke,Josh Clarke,Lefty Clarke,Rufe Clarke,Stan Clarke,Stu Clarke,Sumpter Clarke,Taylor Clarke,Tommy Clarke,Webbo Clarke,William Clarke,Bill Clarkson,Buster Clarkson,Dad Clarkson,John Clarkson,Walter Clarkson,Ellis Clary,Marty Clary,Emmanuel Clase,Jonatan Clase,Gowell Claset,Alex Claudio,Fritz Clausen,Al Clauss,Brandon Claussen,Jimmy Claxton,Clay,Clay,Bill Clay,Dain Clay,Danny Clay,Ken Clay,Sam Clay,Royce Clayton,Zack Clayton,Ralph Cleage,Mark Clear,Joe Cleary,Garrett Cleavinger,Bob Clemens,Chet Clemens,Clem Clemens,Doug Clemens,Kody Clemens,Paul Clemens,Roger Clemens,Bill Clemensen,Ernie Clement,Fred Clement,Jeff Clement,Matt Clement,Wally Clement,Edgard Clemente,Roberto Clemente,Jack Clements,Pat Clements,Chris Clemons,Lance Clemons,Verne Clemons,Donn Clendenon,Maikel Cleto,Duke Cleveland,Elmer Cleveland,Reggie Cleveland,Steve Clevenger,Tex Clevenger,Mike Clevinger,Brent Clevlen,Stan Cliburn,Stew Cliburn,Luther Clifford,Harlond Clift,Flea Clifton,Monk Cline,Ty Cline,Gene Clines,Billy Clingman,Jim Clinton,Lou Clinton,Tyler Clippard,Tony Cloninger,Brad Clontz,JD Closser,Al Closter,Ken Cloude,Ed Clough,Bill Clowers,Tyler Cloyd,Bryan Clutterbuck,Danny Clyburn,David Clyde,Tom Clyde,Bill Clymer,Otis Clymer,James Coachman,Pete Coachman,Andy Coakley,Gil Coan,Jim Coates,Buck Coats,Jason Coats,Alex Cobb,George Cobb,Herb Cobb,Joe Cobb,Lorenza Cobb,Ty Cobb,W. Cobb,Dave Coble,Jaime Cocanower,George Cochran,Goat Cochran,Dave Cochrane,Mickey Cochrane,Jimmy Cockerham,Jim Cockman,Alan Cockrell,Phil Cockrell,Pasqual Coco,Gene Cocreham,Chris Codiroli,Kyle Cody,Robert Coello,Jack Coffey,Todd Coffey,Ivanon Coffie,Dick Coffman,George Coffman,Kevin Coffman,Dick Cogan,Tony Cogan,Dave Coggin,Frank Coggins,Rich Coggins,Chris Coghlan,Ed Cogswell,Alta Cohen,Andy Cohen,Hy Cohen,Jim Cohen,Syd Cohen,Pancho Coimbre,Phil Coke,Jimmie Coker,Chris Colabello,Mike Colangelo,Carlos Colás,José Colás,Oscar Colás,Rocky Colavito,Mike Colbern,Craig Colbert,Nate Colbert,Vince Colbert,Jim Colborn,Greg Colbrunn,Tom Colcolough,A.J. Cole,Alex Cole,Archie Cole,Bert Cole,Cecil Cole,Dave Cole,Dick Cole,Ed Cole,Gerrit Cole,King Cole,Stu Cole,Taylor Cole,Victor Cole,Willis Cole,Arthur Coleman,Bob Coleman,Casey Coleman,Choo-Choo Coleman,Curt Coleman,Dave Coleman,Dusty Coleman,Dylan Coleman,Ed Coleman,Gilbert Coleman,Gordy Coleman,Jerry Coleman,Joe Coleman,Joe Coleman,John Coleman,John Coleman,Louis Coleman,Melvin Coleman,Michael Coleman,Percy Coleman,Ray Coleman,Rip Coleman,Vince Coleman,Walter Coleman,Cad Coles,Chuck Coles,Darnell Coles,Ralph Coles,Chris Coletta,Billy Colgan,Alvin Colina,Edwar Colina,Allan Collamore,Hap Collard,Willie Collazo,Bob Collier,Lou Collier,Orlin Collier,Harry Colliflower,Collins,Collins,Atkins Collins,Bill Collins,Bill Collins,Bob Collins,Chub Collins,Dan Collins,Dave Collins,Don Collins,Eddie Collins,Eddie Collins,Gene Collins,George Collins,Hub Collins,Isaac Collins,Jimmy Collins,Joe Collins,Kevin Collins,Orth Collins,Pat Collins,Phil Collins,Ray Collins,Rip Collins,Ripper Collins,Shano Collins,Sonny Collins,Tim Collins,Tyler Collins,Wilson Collins,Zack Collins,Zip Collins,Josh Collmenter,Jackie Collum,Bill Collver,Frank Colman,Alex Colomé,Jesús Colomé,Bartolo Colón,Christian Colón,Cris Colón,Joe Colón,Román Colón,Dick Colpaert,Loyd Colson,Alex Colthirst,Larry Colton,Bob Coluccio,Tyler Colvin,Steve Colyer,Jim Colzie,Geoff Combe,Earle Combs,Jack Combs,Merrill Combs,Pat Combs,Jorge Comellas,Steve Comer,Wayne Comer,Charlie Comiskey,Jim Command,Adam Comorosky,Clint Compton,Jack Compton,Mike Compton,Pete Compton,Keith Comstock,Ralph Comstock,Clint Conatser,Dave Concepción,Gerardo Concepción,Monchile Concepción,Onix Concepción,Ramón Conde,Clay Condrey,Bob Cone,David Cone,Fred Cone,Michael Conforto,Bunk Congalton,Dick Conger,Hank Conger,Billy Conigliaro,Tony Conigliaro,Griffin Conine,Jeff Conine,Allen Conkwright,Jocko Conlan,Adam Conley,Bob Conley,Ed Conley,Gene Conley,Snipe Conley,Jocko Conlon,P.J. Conlon,Bert Conn,Fritzie Connally,Red Connally,Sarge Connally,Bruce Connatser,Frank Connaughton,Gene Connell,Joe Connell,Peter Connell,Terry Connell,Bill Connelly,Steve Connelly,Tom Connelly,Bud Connolly,Ed Connolly,Ed Connolly,Joe Connolly,Joe Connolly,Tom Connolly,Jim Connor,Joe Connor,John Connor,Ned Connor,Roger Connor,Bill Connors,Chuck Connors,Jerry Connors,Joe Connors,Merv Connors,Theodore Conover,Brooks Conrad,Ben Conroy,Bill Conroy,Bill Conroy,Tim Conroy,Wid Conroy,Billy Consolo,Jim Constable,José Constanza,Sandy Consuegra,Jason Conti,Carlos Contreras,José Contreras,Luis Contreras,Mark Contreras,Nardi Contreras,Roansy Contreras,William Contreras,Willson Contreras,Jim Converse,Bill Conway,Charles Conway,Dick Conway,Jack Conway,Jerry Conway,Jim Conway,Owen Conway,Pete Conway,Rip Conway,Ed Conwell,Herb Conyers,Joe Conzelman,Dale Coogan,Dan Coogan,Aaron Cook,Andy Cook,Billy Cook,Cliff Cook,Cornelius Cook,Dennis Cook,Doc Cook,Earl Cook,Glen Cook,Jim Cook,Mike Cook,Paul Cook,Rollin Cook,Ron Cook,Ryan Cook,Dusty Cooke,Fred Cooke,Jimmy Cooke,Steve Cooke,Brent Cookson,Mike Coolbaugh,Scott Coolbaugh,Duff Cooley,Bobby Coombs,Cecil Coombs,Danny Coombs,Jack Coombs,Ron Coomer,William Coon,Bill Cooney,Bob Cooney,Jimmy Cooney,Jimmy Cooney,Johnny Cooney,Phil Cooney,Tim Cooney,Sam Coonrod,Cooper,Alex Cooper,Andy Cooper,Anthony Cooper,Army Cooper,Bill Cooper,Brian Cooper,Cal Cooper,Cecil Cooper,Claude Cooper,Darltie Cooper,David Cooper,Don Cooper,Garrett Cooper,Gary Cooper,Gary Cooper,Guy Cooper,James Cooper,Mort Cooper,Pat Cooper,Sam Cooper,Scott Cooper,Tom Cooper,Walker Cooper,Wilbur Cooper,Mays Copeland,Scott Copeland,Rocky Coppinger,Henry Coppola,Trace Coquillette,Alex Cora,Joey Cora,Charles Corbett,Doug Corbett,Gene Corbett,Joe Corbett,Sherman Corbett,Archie Corbin,Patrick Corbin,Ray Corbin,Claude Corbitt,Daniel Corcino,Art Corcoran,Jack Corcoran,John Corcoran,Larry Corcoran,Mickey Corcoran,Mike Corcoran,Roy Corcoran,Tim Corcoran,Tim Corcoran,Tommy Corcoran,Ryan Cordell,Chad Cordero,Franchy Cordero,Francisco Cordero,Jimmy Cordero,Wil Cordero,Erik Cordier,Allen Córdoba,Francisco Córdova,Marty Cordova,Pete Córdova,Bryan Corey,Ed Corey,Fred Corey,Mark Corey,Mark Corey,Chuck Corgan,Roy Corhan,Phil Coridan,John Corkhill,Mike Corkins,Lance Cormier,Rheal Cormier,Mardie Cornejo,Nate Cornejo,Reid Cornelius,Willie Cornelius,Jeff Cornell,John Cornely,Brad Cornett,Terry Cornutt,Manny Corpas,Carlos Corporán,Pat Corrales,Carlos Correa,Ed Correa,Francisco Correa,Kevin Correia,Rod Correia,Vic Correll,John Corriden,Red Corriden,Frank Corridon,Jim Corsi,Barry Cort,Jess Cortazzo,Aurelio Cortés,Dan Cortes,David Cortés,Nestor Cortes,Cortez,Fernando Cortez,Al Corwin,Jarred Cosart,Joe Coscarart,Pete Coscarart,Ray Cosey,Mike Cosgrove,Tom Cosgrove,Jim Cosman,Shane Costa,Mike Costanzo,Chris Coste,Dan Costello,John Costello,Tim Costo,Humberto Cota,Henry Cote,Pete Cote,Caleb Cotham,Dan Cotter,Dick Cotter,Ed Cotter,Hooks Cotter,Tom Cotter,Chuck Cottier,Henry Cotto,Jharel Cotton,Ensign Cottrell,Neal Cotts,Johnny Couch,Mike Couchee,Bill Coughlin,Dennis Coughlin,Ed Coughlin,Roscoe Coughlin,Marlan Coughtry,Danny Coulombe,Bob Coulson,Chip Coulter,Fritz Coumbe,Craig Counsell,Ryan Court,Clint Courtney,Ernie Courtney,Harry Courtney,John Courtright,Dee Cousineau,Jake Cousins,Scott Cousins,Jon Coutlangus,Harry Coveleski,Stan Coveleski,Jack Coveney,Dylan Covey,Chet Covington,Sam Covington,Tex Covington,Wes Covington,Billy Cowan,Johnnie Cowan,Kaleb Cowart,Al Cowens,Collin Cowgill,Joe Cowley,Colton Cowser,Alphonso Cox,Austin Cox,Bill Cox,Billy Cox,Bobby Cox,Casey Cox,Comer Cox,Danny Cox,Darron Cox,Dick Cox,Ernie Cox,Frank Cox,George Cox,Glenn Cox,James Cox,Jeff Cox,Jim Cox,Larry Cox,Les Cox,Red Cox,Roosevelt Cox,Steve Cox,Ted Cox,Terry Cox,Tom Cox,Bill Coyle,Toots Coyne,Charlie Cozart,Harry Cozart,Zack Cozart,Dylan Cozens,Roy Crabb,Callix Crabbe,George Crable,Estel Crabtree,Tim Crabtree,Walt Craddock,William Craddock,Rickey Cradle,Harry Craft,Molly Craft,Howard Craghead,Allen Craig,Charlie Craig,George Craig,Homer Craig,Joe Craig,Pete Craig,Rod Craig,Roger Craig,Will Craig,Jesse Crain,Jerry Cram,Bill Cramer,Bobby Cramer,Doc Cramer,Edward Cramer,Del Crandall,Doc Crandall,Ed Crane,Fred Crane,Sam Crane,Sam Crane,Gavy Cravath,Bill Craver,Tyler Cravy,Brandon Crawford,Carl Crawford,Carlos Crawford,Evan Crawford,Forrest Crawford,George Crawford,Glenn Crawford,Hubert Crawford,J.P. Crawford,Jake Crawford,Jim Crawford,Joe Crawford,Ken Crawford,Kutter Crawford,Larry Crawford,Pat Crawford,Paxton Crawford,Sam Crawford,Sam Crawford,Steve Crawford,Willie Crawford,Dewey Creacy,George Creamer,Joe Crede,Birdie Cree,Connie Creeden,Pat Creeden,Mark Creegan,Doug Creek,Willie Creek,Jack Creel,Keith Creel,Gus Creely,Pete Cregan,Bernie Creger,Bob Cremins,Frank Crespi,Alejandro Crespo,César Crespo,Felipe Crespo,Rogelio Crespo,Walker Cress,Jack Cressend,Dylan Crews,Tim Crews,Stefan Crichton,Kyle Crick,Jerry Crider,Lou Criger,Crigler,Blaine Crim,Chuck Crim,Jack Crimian,Dave Cripe,Dave Criscione,Tony Criscola,Pat Crisham,Nabil Crismatt,Coco Crisp,Joe Crisp,Dode Criss,Ches Crist,Bill Cristall,Leo Cristante,Cooper Criswell,Jeff Criswell,Morrie Critchley,Hughie Critz,Garrett Crochet,Claude Crocker,Davey Crockett,Frank Crockett,Kyle Crockett,Art Croft,Harry Croft,Fred Crolius,Leroy Cromartie,Warren Cromartie,D.T. Cromer,Tripp Cromer,Herb Crompton,Ned Crompton,C.J. Cron,Chris Cron,Kevin Cron,Ray Crone,Jake Cronenworth,Bill Cronin,Dan Cronin,Declan Cronin,Jack Cronin,Jim Cronin,Joe Cronin,Narciso Crook,Tom Crooke,Jack Crooks,Tyler Cropley,Bobby Crosby,Bubba Crosby,Casey Crosby,Ed Crosby,George Crosby,Ken Crosby,Walter Crosby,Frankie Crosetti,Cross,Amos Cross,Clarence Cross,Frank Cross,Jeff Cross,Joe Cross,Lave Cross,Lem Cross,Monte Cross,Norman Cross,Frank Crossin,Doug Crothers,Michael Crotta,Joe Crotty,Bill Crouch,Bill Crouch,Jack Crouch,Zach Crouch,Frank Croucher,Buck Crouse,Hans Crouse,Rich Croushore,Aaron Crow,Dean Crow,Don Crow,Pete Crow-Armstrong,General Crowder,George Crowe,Trevor Crowe,Wil Crowe,Billy Crowell,Cap Crowell,Jim Crowell,Bill Crowley,Ed Crowley,John Crowley,Terry Crowley,Woody Crowson,Eric Crozier,Francisco Cruceta,Mike Crudale,Martin Crue,Walton Cruise,Cal Crum,Alex Crumbley,Gene Crumling,Buddy Crump,James Crump,Roy Crumpler,Dick Crutcher,Jimmie Crutchfield,Press Cruthers,Deivi Cruz,Enrique Cruz,Fausto Cruz,Fernando Cruz,Héctor Cruz,Henry Cruz,Iván Cruz,Jacob Cruz,Jesus Cruz,José Cruz,José Cruz,Juan Cruz,Julio Cruz,Luis Cruz,Nelson Cruz,Nelson Cruz,Omar Cruz,Oneil Cruz,Rhiner Cruz,Steven Cruz,Todd Cruz,Tommy Cruz,Tony Cruz,Víctor Cruz,José Cuas,Mike Cubbage,Darwin Cubillán,Al Cuccinello,Tony Cuccinello,Arthur Cuccurullo,Michael Cuddyer,Jim Cudworth,Bobby Cuellar,Charlie Cuellar,Mike Cuellar,Basilio Cueria,Bert Cueto,Johnny Cueto,Manuel Cueto,Noel Cuevas,William Cuevas,John Cuff,Charlie Culberson,Leon Culberson,Jack Cullen,John Cullen,Tim Cullen,Roy Cullenbine,Dick Culler,Nick Cullop,Nick Cullop,Bernard Culloton,Wil Culmer,Culp,Benny Culp,Bill Culp,Ray Culp,George Culver,John Cumberland,Cummings,Candy Cummings,Chance Cummings,Jack Cummings,John Cummings,Midre Cummings,Steve Cummings,Brandon Cumpton,Will Cunnane,Brandon Cunniff,Cunningham,Cunningham,Aaron Cunningham,Bert Cunningham,Bill Cunningham,Bill Cunningham,Bruce Cunningham,George Cunningham,Harry Cunningham,Joe Cunningham,John Cunningham,Marion Cunningham,Mike Cunningham,Ray Cunningham,Todd Cunningham,Vernon Cunningham,George Cuppy,Walter Curley,John Curran,Sammy Curran,Lafayette Currence,Bill Currie,Clarence Currie,Murphy Currie,Perry Currin,George Curry,Homer Curry,Jim Curry,Rube Curry,Steve Curry,Tony Curry,Wes Curry,Xzavion Curry,Curtis,Chad Curtis,Cliff Curtis,Colin Curtis,Fred Curtis,Gene Curtis,Harry Curtis,Jack Curtis,Jermaine Curtis,John Curtis,Vern Curtis,Willie Curtis,Zac Curtis,Jim Curtiss,John Curtiss,Guy Curtright,Ed Cushman,Harvey Cushman,Andy Cusick,Jack Cusick,Jack Cust,Cheslor Cuthbert,Ned Cuthbert,George Cutshaw,Kiki Cuyler,Milt Cuyler,Mike Cvengros,Al Cypert,Éric Cyr,Tyler Cyr,Jim Czajkowski"
"Charlie Babb,Bob Babcock,Loren Babe,Johnny Babich,Charlie Babington,Shooty Babitt,Lake Bachar,Sam Bachman,Brandon Backe,Les Backman,Wally Backman,Eddie Bacon,Mike Bacsik,Mike Bacsik,Dakota Bacus,Fred Baczewski,Akil Baddoo,Burke Badenhop,Art Bader,Harrison Bader,Lore Bader,Red Badgro,Ji Hwan Bae,Ed Baecht,Cha-Seung Baek,Carlos Baerga,Rudy Baerwald,Benito Báez,Danys Báez,Javier Báez,José Báez,Julio Baez,Kevin Baez,Michel Báez,Pedro Báez,Sandy Báez,Babe Bagby,Jim Bagby,Jim Bagby,Ed Bagley,Gene Bagley,Bill Bagwell,Jeff Bagwell,Stan Bahnsen,Ed Bahr,Frank Bahret,Grover Baichley,Scott Bailes,Bailey,Abraham Bailey,Alonza Bailey,Andrew Bailey,Bill Bailey,Bill Bailey,Bob Bailey,Brandon Bailey,Cory Bailey,Ed Bailey,Fred Bailey,Gene Bailey,Harvey Bailey,Homer Bailey,Howard Bailey,Jeff Bailey,Jim Bailey,King Bailey,Mark Bailey,Patrick Bailey,Percy Bailey,Roger Bailey,Steve Bailey,Bob Bailor,Loren Bain,Harold Baines,Doug Bair,Baird,Al Baird,Bob Baird,Doug Baird,Jeff Baisley,Jeff Bajenaru,Dave Bakenhaster,Al Baker,Bill Baker,Bryan Baker,Charles Baker,Charlie Baker,Chuck Baker,Darren Baker,Dave Baker,Del Baker,Doug Baker,Dusty Baker,Edgar Baker,Ernie Baker,Floyd Baker,Frank Baker,Frank Baker,Gene Baker,George Baker,Henry Baker,Home Run Baker,Howard Baker,Jack Baker,Jeff Baker,Jesse Baker,Jesse Baker,John Baker,Kirtley Baker,Luken Baker,Neal Baker,Norm Baker,Phil Baker,Rufus Baker,Scott Baker,Scott Baker,Steve Baker,Tom Baker,Tom Baker,Tracy Baker,Jersey Bakley,Paul Bako,Mike Balas,John Balaz,Jordan Balazovic,Steve Balboni,Bobby Balcena,Rocco Baldelli,Alberto Baldonado,Jack Baldschun,Baldwin,Billy Baldwin,Brooks Baldwin,Dave Baldwin,Drake Baldwin,Frank Baldwin,Harry Baldwin,Henry Baldwin,James Baldwin,Jeff Baldwin,Kid Baldwin,Lady Baldwin,Mark Baldwin,Orson Baldwin,Reggie Baldwin,Rick Baldwin,Tiny Baldwin,John Bale,Mike Balenti,Wladimir Balentien,Lee Bales,Collin Balester,Grant Balfour,Art Ball,Jeff Ball,Jim Ball,Neal Ball,Walter Ball,Jeff Ballard,Pelham Ballenger,Jay Baller,Pedro Ballester,Moisés Ballesteros,Mark Ballinger,Win Ballou,Tony Balsamo,George Bamberger,Hal Bamberger,Studs Bancker,Dave Bancroft,Anthony Banda,Chris Bando,Sal Bando,Jett Bandy,Eddie Bane,Dick Baney,Jeff Banister,Dan Bankhead,Fred Bankhead,Sam Bankhead,Scott Bankhead,Banks,Brian Banks,Ernie Banks,George Banks,Josh Banks,Norman Banks,Tanner Banks,Willie Banks,Bill Bankston,Wes Bankston,Jim Banning,Alan Bannister,Brian Bannister,Floyd Bannister,Jimmy Bannon,Rylan Bannon,Tom Bannon,Jack Banta,Brandon Bantz,David Bañuelos,Manny Banuelos,Travis Baptist,Caleb Baragar,Rod Barajas,Walter Barbare,Red Barbary,Johnny Barbato,William Barbeau,Bud Barbee,Dave Barbee,Lamb Barbee,Brian Barber,Charlie Barber,Jesse Barber,Sam Barber,Steve Barber,Steve Barber,Turner Barber,Frank Barberich,Bret Barberie,Jim Barbieri,Bull Barbour,Lorenzo Barceló,Curt Barclay,George Barclay,Daniel Bard,Josh Bard,Luke Bard,Brian Barden,Ray Bare,Jesse Barfield,John Barfield,Josh Barfield,Clyde Barfoot,Greg Bargar,Addison Barger,Cy Barger,Brian Bark,Al Barker,Glen Barker,Kevin Barker,Len Barker,Luke Barker,Marvin Barker,Ray Barker,Richie Barker,Sean Barker,Andy Barkett,Brian Barkley,Jeff Barkley,Red Barkley,Sam Barkley,Joe Barlow,Mike Barlow,Scott Barlow,Tom Barlow,Bruce Barmes,Clint Barmes,Babe Barna,Charlie Barnabe,Austin Barnes,Bill Barnes,Bill Barnes,Bob Barnes,Brandon Barnes,Brian Barnes,Charlie Barnes,Danny Barnes,Eppie Barnes,Frank Barnes,Frank Barnes,Fred Barnes,Harry Barnes,Honey Barnes,Jacob Barnes,Jesse Barnes,John Barnes,John Barnes,Junie Barnes,Larry Barnes,Lute Barnes,Matt Barnes,Red Barnes,Rich Barnes,Ross Barnes,Sam Barnes,Scott Barnes,Skeeter Barnes,Vet Barnes,Virgil Barnes,Jack Barnett,Vic Barnett,Tony Barnette,Darwin Barney,Ed Barney,Rex Barney,Clyde Barnhart,Edgar Barnhart,Les Barnhart,Tucker Barnhart,Vic Barnhart,Dave Barnhill,Herb Barnhill,James Barnhill,George Barnicle,Billy Barnie,Ed Barnowski,Chris Barnwell,Bernardo Baró,Salomé Barojas,Steven Baron,Daniel Barone,Dick Barone,Bob Barr,Bob Barr,Jim Barr,Scotty Barr,Steve Barr,Kyle Barraclough,Cuno Barragan,Germán Barranca,Manny Barreda,Luis Barrera,Tres Barrera,Jose Barrero,Franklin Barreto,Aaron Barrett,Bill Barrett,Bill Barrett,Bob Barrett,Dick Barrett,Frank Barrett,Jake Barrett,Jimmy Barrett,John Barrett,Johnny Barrett,Marty Barrett,Marty Barrett,Michael Barrett,Red Barrett,Tim Barrett,Tommy Barrett,Jaime Barria,Francisco Barrios,Jose Barrios,Manuel Barrios,Yhonathan Barrios,Frank Barron,Red Barron,Tony Barron,Jorge Barrosa,Cuke Barrows,Frank Barrows,Ed Barry,Hardin Barry,Jack Barry,Jeff Barry,John Barry,Kevin Barry,Rich Barry,Tom Barry,Joey Bart,Kimera Bartee,Dick Bartell,Bob Barthelson,Jimmy Barthmaier,John Barthold,Les Bartholomew,Tony Bartirome,Hop Bartlett,Jason Bartlett,Bill Bartley,Boyd Bartley,Irv Bartling,Bob Barton,Brian Barton,Daric Barton,Harry Barton,Shawn Barton,Vince Barton,Dave Bartosch,Cliff Bartosh,Charlie Bartson,Philip Barzilla,Luis Alexander Basabe,Osleivis Basabe,Chris Basak,Monty Basgall,Ray Basham,Al Bashang,Tyler Bashlor,Walt Bashore,Eddie Basinski,Jim Baskette,Anthony Bass,Brian Bass,Dick Bass,Doc Bass,John Bass,Kevin Bass,Leroy Bass,Norm Bass,Randy Bass,Charley Bassett,Pepper Bassett,Chris Bassitt,Johnny Bassler,Brady Basso,Antonio Bastardo,Charlie Bastian,Emil Batch,Joe Batchelder,Rich Batchelor,John Bateman,Aaron Bates,Billy Bates,Charlie Bates,Del Bates,Dick Bates,Frank Bates,Hubert Bates,Jason Bates,John Bates,Johnny Bates,Ray Bates,Bill Bathe,Miguel Batista,Rafael Batista,Tony Batista,Kevin Batiste,Kim Batiste,Bill Batsch,Larry Battam,George Batten,Matthew Batten,Peyton Battenfield,Earl Battey,Joe Battin,Allen Battle,Howard Battle,Jim Battle,Ray Battle,Rufus Battle,Chris Batton,Matt Batts,Brett Baty,Harry Bauchman,Al Bauer,Hank Bauer,Lou Bauer,Rick Bauer,Trevor Bauer,Jake Bauers,Russ Bauers,Justin Baughman,Buddy Baumann,Frank Baumann,Mike Baumann,Paddy Baumann,Jim Baumer,George Baumgardner,Ross Baumgarten,Harry Baumgartner,John Baumgartner,Stan Baumgartner,Frank Baumholtz,George Bausewine,Ed Bauta,Danny Bautista,Denny Bautista,Félix Bautista,Gerson Bautista,José Bautista,José Bautista,Rafael Bautista,Marcelino Bauza,Jim Baxes,Mike Baxes,Mike Baxter,Moose Baxter,Harry Bay,Jason Bay,Burley Bayer,Dick Bayless,Hank Baylis,Jonah Bayliss,Baylock,Don Baylor,William Baynard,Bill Bayne,Shane Baz,Eduard Bazardo,Yorman Bazardo,Darius Bea,Jack Beach,Brandon Beachy,Dave Beadle,Giovanni Beale,Bob Beall,Johnny Beall,Walter Beall,Tommy Beals,Alex Beam,Ernie Beam,T.J. Beam,Charlie Beamon,Charlie Beamon,Trey Beamon,Belve Bean,Billy Bean,Colter Bean,Joe Bean,Billy Beane,Dave Beard,Mike Beard,Ollie Beard,Ralph Beard,Ted Beard,Gene Bearden,Gary Beare,Larry Bearnarth,Kevin Bearse,Chris Beasley,Jeremy Beasley,Lew Beasley,Ed Beatin,Pedro Beato,Jim Beattie,Blaine Beatty,Desmond Beatty,Matt Beaty,Jim Beauchamp,Ginger Beaumont,Blake Beavan,Edward Beavens,Johnny Beazley,Buck Becannon,Steve Bechler,George Bechtel,Boom-Boom Beck,Chad Beck,Chris Beck,Clyde Beck,Erve Beck,Frank Beck,Fred Beck,George Beck,Jordan Beck,Rich Beck,Rod Beck,Tristan Beck,Zinn Beck,Henry Beckendorf,Beals Becker,Bob Becker,Charlie Becker,Heinz Becker,Joe Becker,Marty Becker,Rich Becker,Glenn Beckert,Josh Beckett,Robbie Beckett,Gordon Beckham,Tim Beckham,Jake Beckley,Jim Beckman,Bill Beckmann,Joe Beckwith,John Beckwith,Julio Becquer,Érik Bédard,Howie Bedell,Gene Bedford,Phil Bedgood,Hugh Bedient,Andy Bednar,David Bednar,Cam Bedrosian,Steve Bedrosian,Fred Beebe,Matt Beech,Ed Beecher,Roy Beecher,Tyler Beede,Jalen Beeks,Dallas Beeler,Jodie Beeler,Andy Beene,Fred Beene,Seth Beer,Clarence Beers,Clayton Beeter,Joe Beggs,Jim Begley,Petie Behan,Steve Behel,Rick Behenna,Mel Behney,Hank Behrman,Joe Beimel,Kevin Beirne,Agustín Bejerano,Ollie Bejma,Mark Belanger,Wayne Belardi,Kevin Belcher,Tim Belcher,Ira Belden,Skinner Belfield,Mike Belfiore,Stan Belinda,Bo Belinsky,Ronald Belisario,Matt Belisle,Todd Belitz,Jeff Beliveau,Tim Belk,Abe Bell,Beau Bell,Bill Bell,Buddy Bell,Chad Bell,Charlie Bell,Cliff Bell,Cool Papa Bell,David Bell,Derek Bell,Eric Bell,Fern Bell,Frank Bell,Fred Bell,Gary Bell,George Bell,George Bell,Gus Bell,Heath Bell,Herman Bell,Herman Bell,Jake Bell,Jay Bell,Jerry Bell,Joe Bell,Josh Bell,Josh Bell,Juan Bell,Jute Bell,Kevin Bell,Lefty Bell,Les Bell,Mike Bell,Mike Bell,Ralph Bell,Rob Bell,Terry Bell,Trevor Bell,W. Bell,William Bell,Zeke Bella,Steve Bellán,Andrew Bellatti,Albert Belle,Mark Bellhorn,Rafael Belliard,Ronnie Belliard,Clay Bellinger,Cody Bellinger,Jack Bellman,Brayan Bello,Rob Belloir,Edwin Bellorin,Valente Bellozo,Vince Belnome,Duane Below,Brandon Belt,Carlos Beltrán,Francis Beltrán,Rigo Beltrán,Adrian Beltré,Engel Beltré,Esteban Beltré,Omar Beltré,Anthony Bemboom,Harry Bemis,Marvin Benard,Freddie Benavides,Johnny Bench,Anthony Bender,Charles Bender,Art Benedict,Bruce Benedict,Alan Benes,Andy Benes,Joe Benes,Ray Benge,Benny Bengough,Andrew Benintendi,Juan Beníquez,Armando Benítez,Yamil Benítez,Jerry Benjamin,Mike Benjamin,Stan Benjamin,Wes Benjamin,Henry Benn,Ike Benners,Bennett,Bradford Bennett,Bugs Bennett,Charlie Bennett,Dave Bennett,Dennis Bennett,Don Bennett,Erik Bennett,Frank Bennett,Fred Bennett,Gary Bennett,Herschel Bennett,Jeff Bennett,Jimmie Bennett,Joe Bennett,Joel Bennett,Pug Bennett,Sam Bennett,Shayne Bennett,George Bennette,Joaquín Benoit,Allen Benson,Cleo Benson,Gene Benson,Joe Benson,Kris Benson,Vern Benson,Will Benson,Cy Bentley,Jack Bentley,Al Benton,Butch Benton,Larry Benton,Rabbit Benton,Rube Benton,Sid Benton,Chad Bentz,Joe Benz,Todd Benzinger,Johnny Berardino,Lou Berberet,Jeff Berblinger,Jason Bere,Juan Berenguer,Bruce Berenyi,James Beresford,Dave Berg,Justin Berg,Moe Berg,Augie Bergamo,Bill Bergen,Marty Bergen,Travis Bergen,Boze Berger,Brandon Berger,Clarence Berger,Heinie Berger,Joe Berger,Johnny Berger,Tun Berger,Wally Berger,Peter Bergeron,Ryan Bergert,Brad Bergesen,John Bergh,Marty Berghammer,Al Bergman,Christian Bergman,Dave Bergman,Dusty Bergman,Sean Bergman,Jason Bergmann,William Bergolla,Frank Berkelbach,Jason Berken,Nate Berkenstock,Lance Berkman,Jack Berly,Bob Berman,Jonathan Bermúdez,Roger Bernadina,Plácido Bernal,Victor Bernal,Curt Bernard,Dwight Bernard,Joe Bernard,Wynton Bernard,Brennan Bernardino,Tony Bernazard,Adam Bernero,Bill Bernhard,Juan Bernhardt,Walter Bernhardt,Carlos Bernier,Doug Bernier,Johnny Bero,Dale Berra,Yogi Berra,Dennis Berran,Ray Berres,José Berríos,Ángel Berroa,Gerónimo Berroa,Prelander Berroa,Steward Berroa,Berry,Cannonball Berry,Charlie Berry,Charlie Berry,Claude Berry,Eddie Berry,Eddie Berry,Eddie Berry,Joe Berry,Joe Berry,Joe Berry,Ken Berry,Neil Berry,Quintin Berry,Sean Berry,Tom Berry,Damon Berryhill,Frank Bertaina,Harry Berte,Dick Bertell,Harry Berthrong,Jon Berti,Reno Bertoia,Mike Bertotti,Roman Bertrand,Andrés Berumen,Fred Besana,Bob Bescher,Herman Besse,Don Bessent,Karl Best,William Bestick,Jim Beswick,Dellin Betances,Rafael Betancourt,Yuniesky Betancourt,Frank Betcher,Wilson Betemit,Christian Bethancourt,Bill Bethea,Jim Bethke,Larry Bettencourt,Jeff Bettendorf,Alec Bettinger,Chad Bettis,Betts,Harry Betts,Huck Betts,Mookie Betts,Bruno Betzel,Kurt Bevacqua,Hal Bevan,Bill Bevens,Jason Beverlin,Charlie Beverly,Brian Bevil,Lou Bevil,Ben Beville,Monte Beville,Joe Biagini,Buddy Biancalana,Jeff Bianchi,Tommy Bianco,Hank Biasatti,Rainey Bibbs,Jim Bibby,Tanner Bibee,Austin Bibens-Dirkx,Bo Bichette,Dante Bichette,Phil Bickford,Vern Bickford,Dan Bickham,Charlie Bicknell,Jesse Biddle,Rocky Biddle,Osvaldo Bido,Shane Bieber,Ed Biecher,Brandon Bielak,Oscar Bielaski,Mike Bielecki,Harry Biemiller,Lou Bierbauer,Nick Bierbrodt,Randor Bierd,Charles Bierman,Steve Bieser,Carson Bigbee,Lyle Bigbee,Larry Bigbie,Elliot Bigelow,Hunter Bigge,Cavan Biggio,Craig Biggio,Charlie Biggs,Ivan Bigler,George Bignell,Larry Biittner,Dann Bilardello,Jim Bilbrey,Emil Bildilli,Steve Bilko,Harry Billiard,Jack Billingham,Bruce Billings,Dick Billings,Josh Billings,Josh Billings,Brent Billingsley,Chad Billingsley,Jimmy Binder,Bingo Bingham,George Binks,Binson,Charlie Biot,Steve Biras,Jud Birchall,Doug Bird,Frank Bird,George Bird,Greg Bird,Jake Bird,Kyle Bird,Red Bird,Leo Birdine,Dave Birdsall,Hayden Birdsong,Mike Birkbeck,Kurt Birkins,Ralph Birkofer,Joe Birmingham,Babe Birrer,Tim Birtsas,Frank Biscan,John Bischoff,Joe Bisenius,Bill Bishop,Bill Bishop,Braden Bishop,Charlie Bishop,Frank Bishop,Jim Bishop,Lloyd Bishop,Max Bishop,Mike Bishop,Rivington Bisland,John Bissant,Del Bissonette,Hiram Bithorn,Joe Bitker,Jeff Bittiger,Red Bittmann,Spencer Bivens,Jim Bivin,Brian Bixler,James Bizzle,George Bjorkman,Ty Blach,Black,Black,Bill Black,Bob Black,Bud Black,Bud Black,Dave Black,Don Black,Howard Black,Joe Black,John Black,Mason Black,Ray Black,Tyler Black,Vic Black,Ethan Blackaby,Blackburn,Charlie Blackburn,Earl Blackburn,George Blackburn,Hugh Blackburn,Jim Blackburn,Nick Blackburn,Paul Blackburn,Ron Blackburn,Lena Blackburne,George Blackerby,Travis Blackley,Charlie Blackmon,Cliff Blackmon,Henry Blackmon,Charlie Blackwell,Ewell Blackwell,Fred Blackwell,Tim Blackwell,Ray Blades,Rick Bladt,George Blaeholder,Rae Blaemire,Aaron Blair,Bill Blair,Bill Blair,Buddy Blair,Carson Blair,Clarence Blair,Dennis Blair,Garnett Blair,Lonnie Blair,Paul Blair,Walter Blair,Willie Blair,Dick Blaisdell,Casey Blake,Ed Blake,Frank Blake,Harry Blake,Sheriff Blake,Linc Blakely,Bob Blakiston,Bradley Blalock,Hank Blalock,Chester Blanchard,Johnny Blanchard,Al Blanche,Andrés Blanco,Carlos Blanco,Dairon Blanco,Damaso Blanco,Gil Blanco,Grégor Blanco,Heberto Blanco,Henry Blanco,Ossie Blanco,Ronel Blanco,Tony Blanco,Nate Bland,Spike Bland,Fred Blanding,Alex Blandino,Blank,Coonie Blank,Fred Blank,Matt Blank,Travis Blankenhorn,Cliff Blankenship,Homer Blankenship,Kevin Blankenship,Lance Blankenship,Ted Blankenship,Kyle Blanks,Larvell Blanks,Cy Blanton,Joe Blanton,Jabari Blash,Don Blasingame,Wade Blasingame,Steve Blass,Steve Blateric,Johnny Blatnik,Buddy Blattner,Frank Blattner,Jeff Blauser,Harvey Blauvelt,Bob Blaylock,Fred Blaylock,Gary Blaylock,Marv Blaylock,Michael Blazek,Ron Blazier,Larry Bleach,JJ Bleday,Bledsoe,Curt Blefary,Jeremy Bleich,Richard Bleier,Ray Blemker,Ike Blessitt,Clarence Blethen,Fox Blevins,Jerry Blevins,Bob Blewett,Scott Blewett,Ned Bligh,Elmer Bliss,Frank Bliss,Jack Bliss,Ryan Bliss,Bruno Block,Cy Block,Blocker,Terry Blocker,Wes Blogg,Ron Blomberg,Ben Blomdahl,Joe Blong,Jimmy Bloodworth,Bud Bloomfield,Willie Bloomquist,Jake Bloss,Greg Blosser,Jack Blott,Mike Blowers,AJ Blubaugh,Blue,Bert Blue,Lu Blue,Vida Blue,Ossie Bluege,Otto Bluege,Jim Bluejacket,Red Bluhm,Geoff Blum,Jaime Bluma,Clint Blume,Bert Blyleven,Mike Blyzka,Lucas Boada,Chet Boak,Charlie Boardman,Frederick Boardman,Randy Bobb,Willie Bobo,Hiram Bocachica,John Boccabella,Milt Bocek,Bruce Bochte,Doug Bochtler,Brett Bochy,Bruce Bochy,Eddie Bockman,Randy Bockus,Brian Bocock,Mike Boddicker,Ping Bodie,Tony Boeckel,George Boehler,Joe Boehling,Len Boehmer,Brian Boehringer,Larry Boerner,Brennan Boesch,Joe Boever,Xander Bogaerts,Tim Bogar,John Bogart,Terry Bogener,Brandon Boggs,George Boggs,Mitchell Boggs,Ray Boggs,Tommy Boggs,Wade Boggs,Warren Bogle,Brian Bogusevic,Brian Bohanon,Pat Bohen,Alec Bohm,Charlie Bohn,T.J. Bohn,Sam Bohne,John Bohnet,Bruce Boisclair,Dan Boitano,Dick Bokelmann,Bob Boken,Joe Bokina,Boland,Bernie Boland,Ed Boland,Ronald Bolaños,Charlie Bold,Bolden,Bill Bolden,Stew Bolen,Carl Boles,Joe Boley,Jim Bolger,Frank Bolick,Bobby Bolin,Frank Bolling,Jack Bolling,Milt Bolling,Greg Bollo,Don Bollweg,Mike Bolsinger,Skye Bolt,Cecil Bolton,Cliff Bolton,Cody Bolton,Rod Bolton,Tom Bolton,Mark Bomback,Ted Bond,Tommy Bond,Walt Bond,Jeremy Bonderman,Barry Bonds,Bobby Bonds,George Bone,Ricky Bones,Julio Bonetti,Hank Boney,Jung Bong,Nino Bongiovanni,Bill Bonham,Tiny Bonham,Emilio Bonifácio,Jorge Bonifacio,Joe Bonikowski,Bobby Bonilla,Juan Bonilla,Lisalverto Bonilla,Luther Bonin,Eddie Bonine,Barry Bonnell,Bobby Bonner,Frank Bonner,Robert Bonner,Bill Bonness,Gus Bono,Boof Bonser,Zeke Bonura,Everett Booe,Buddy Booker,Chris Booker,Greg Booker,Rod Booker,Al Bool,Red Booles,Aaron Boone,Alonzo Boone,Bob Boone,Bret Boone,Dan Boone,Danny Boone,George Boone,Ike Boone,Lefty Boone,Luke Boone,Oscar Boone,Ray Boone,Cam Booser,Chris Bootcheck,Booth,Amos Booth,Eddie Booth,Josh Booty,John Boozer,Julio Borbon,Pedro Borbón,Pedro Borbón,Joe Borchard,George Borchers,Frenchy Bordagaray,Joe Borden,Pat Borders,Rich Bordi,Mike Bordick,Bill Bordley,Glenn Borgmann,Paul Boris,Frank Bork,Bob Borkowski,Dave Borkowski,Toby Borland,Tom Borland,John Bormann,Red Borom,Steve Boros,Joe Borowski,Hank Borowy,Babe Borton,Ryan Borucki,J.C. Boscán,Wilfredo Boscán,Don Bosch,Rick Bosetti,Buddy Boshers,Chris Bosio,Shawn Boskie,Thad Bosley,Dick Bosman,Harley Boss,Mel Bosser,Bostic,Akeem Bostick,Christopher Bostick,Fred Bostick,Henry Bostick,Lyman Bostock,Lyman Bostock,Bob Boston,Daryl Boston,Andy Boswell,Dave Boswell,Ken Boswell,David Bote,Derek Botelho,Ricky Bottalico,John Bottarini,Kent Bottenfield,Ralph Botting,Jim Bottomley,Jason Botts,Bob Botz,Sean Bouchard,Ed Bouchee,Al Boucher,Denis Boucher,Medric Boucher,Lou Boudreau,Carl Bouldin,Jake Boultes,Justin Bour,Jason Bourgeois,Steve Bourgeois,Chris Bourjos,Peter Bourjos,Michael Bourn,Rafael Bournigal,James Bourque,Pat Bourque,Caleb Boushley,Jim Bouton,Mike Bovee,Larry Bowa,Benny Bowcock,Ben Bowden,Michael Bowden,Tim Bowden,Lefty Bowe,Chick Bowen,Chuck Bowen,Cy Bowen,Rob Bowen,Ryan Bowen,Sam Bowen,Sam Bowens,Frank Bowerman,Billy Bowers,Brent Bowers,Cedrick Bowers,Julie Bowers,Lefty Bowers,Shane Bowers,Stew Bowers,Frank Bowes,Jim Bowie,Micah Bowie,John Bowker,Jonathan Bowlan,Grant Bowler,Brian Bowles,Charlie Bowles,Emmett Bowles,Weldon Bowlin,Steve Bowling,Abe Bowman,Bill Bowman,Bob Bowman,Bob Bowman,Elmer Bowman,Ernie Bowman,Joe Bowman,Matt Bowman,Roger Bowman,Sumner Bowman,Red Bowser,Ted Bowsfield,Travis Bowyer,Brad Boxberger,Bill Boyd,Bob Boyd,Eddie Boyd,Frank Boyd,Fred Boyd,Gary Boyd,Jake Boyd,Jason Boyd,Jimmy Boyd,Matthew Boyd,Oil Can Boyd,Ray Boyd,Blaine Boyer,Clete Boyer,Cloyd Boyer,Ken Boyer,Doe Boyland,Buzz Boyle,Eddie Boyle,Henry Boyle,Jack Boyle,Jack Boyle,Jim Boyle,Joe Boyle,Harry Boyles,Marshall Boze,Gene Brabender,Brad Brach,Silvino Bracho,Gibby Brack,Doc Bracken,Jack Bracken,John Brackenridge,Andrew Brackman,Zach Braddock,Dallas Braden,Don Bradey,Bradford,Bill Bradford,Bill Bradford,Buddy Bradford,Chad Bradford,Charlie Bradford,Chasen Bradford,Cody Bradford,Larry Bradford,Vic Bradford,Kyle Bradish,Bradley,Al Bradley,Archie Bradley,Bert Bradley,Bill Bradley,Bobby Bradley,Foghorn Bradley,Frank Bradley,Fred Bradley,George Bradley,George Bradley,Herb Bradley,Hugh Bradley,Jack Bradley,Jackie Bradley Jr.,Jed Bradley,Mark Bradley,Milton Bradley,Phil Bradley,Provine Bradley,Red Bradley,Ryan Bradley,Scott Bradley,Taj Bradley,Tom Bradley,Dallas Bradshaw,George Bradshaw,Joe Bradshaw,Terry Bradshaw,Bill Brady,Bob Brady,Brian Brady,Cliff Brady,Doug Brady,Farmer Brady,Jim Brady,King Brady,Michael Brady,Neal Brady,Spike Brady,Steve Brady,Bobby Bragan,Ramón Bragaña,Darren Bragg,Dick Braggins,Glenn Braggs,Dave Brain,Asa Brainard,Fred Brainard,Al Braithwood,Erv Brame,Art Bramhall,Brammell,Ralph Branca,Al Brancato,Harvey Branch,Norm Branch,Roy Branch,Ron Brand,Mark Brandenburg,Chick Brandom,Darrell Brandon,Bill Brandt,Ed Brandt,Jackie Brandt,Slim Branham,George Branigan,Otis Brannan,Mike Brannock,Dud Branom,Kitty Bransfield,Jeff Branson,Marshall Brant,Cliff Brantley,Jeff Brantley,Michael Brantley,Mickey Brantley,Rob Brantly,Russell Branyan,Matt Brash,Kitty Brashear,Roy Brashear,Ryan Brasier,Joe Bratcher,Archie Brathwaite,Fred Bratschi,Steven Brault,John Braun,Ryan Braun,Ryan Braun,Steve Braun,Ángel Bravo,Garland Braxton,Bill Bray,Buster Bray,James Bray,Ben Braymer,Craig Brazell,Dewon Brazelton,Frank Brazill,Al Brazle,Huascar Brazobán,Yhency Brazobán,Leslie Brea,Sid Bream,Jim Breazeale,John Brebbia,Harry Brecheen,Bill Breckinridge,Brent Brede,Danny Breeden,Hal Breeden,Marv Breeding,Breese,Alex Bregman,Fred Breining,Alonzo Breitenstein,Theodore Breitenstein,Eugene Bremer,Herb Bremer,Sam Brenegan,Bob Brenly,Ad Brennan,Brandon Brennan,Don Brennan,Jack Brennan,Tom Brennan,Will Brennan,William Brennan,Jim Brenneman,Bert Brenner,Lynn Brenton,Bryce Brentz,Jake Brentz,Bill Brenzel,Craig Breslow,Roger Bresnahan,Rube Bressler,Eddie Bressoud,Jim Breton,George Brett,Herbert Brett,Ken Brett,Ryan Brett,Marv Breuer,Billy Brewer,Charles Brewer,Chet Brewer,Colten Brewer,Jack Brewer,Jim Brewer,McKinley Brewer,Mike Brewer,Rod Brewer,Sherwood Brewer,Tom Brewer,Tony Brewer,Jamie Brewington,Brewster,Charlie Brewster,Alan Brice,Austin Brice,José Briceño,Fred Brickell,Fritz Brickell,George Brickley,Ralph Brickner,Jonah Bride,Jim Brideweser,Marshall Bridges,Rocky Bridges,Tommy Bridges,Al Bridwell,Parker Bridwell,Bunny Brief,Beau Brieske,Bo Briggery,Buttons Briggs,Charlie Briggs,Dan Briggs,Grant Briggs,John Briggs,John Briggs,Otto Briggs,Jake Brigham,Jeff Brigham,Harry Bright,Joe Bright,Reid Brignac,Nelson Briles,Greg Briley,Frank Brill,Jim Brillheart,Brad Brink,Bill Brinker,Chuck Brinkman,Ed Brinkman,Leon Brinkopf,Brinson,Lewis Brinson,Fatty Briody,John Briscoe,Lou Brissie,Braden Bristo,George Bristow,Bernardo Brito,Eude Brito,Jhony Brito,Jorge Brito,Juan Brito,Sócrates Brito,Tilson Brito,George Britt,Jim Britt,Gus Brittain,Jack Brittin,Chris Britton,Drake Britton,Gil Britton,Jim Britton,John Britton,Zack Britton,Tony Brizzolara,Johnny Broaca,Broadnax,Lance Broadway,Mike Broadway,Pete Broberg,Doug Brocail,Chris Brock,Greg Brock,John Brock,Lou Brock,Tarrik Brock,King Brockett,Brian Broderick,Matt Broderick,Steve Brodie,Dick Brodowski,Connor Brogdon,Ernie Broglio,Rico Brogna,Jack Brohamer,Troy Brohawn,Ken Brondell,Jeff Bronkey,Herman Bronkie,Bronson,Jim Bronstad,Ike Brookens,Tom Brookens,Brooks,Aaron Brooks,Ameal Brooks,Bobby Brooks,Frank Brooks,Hubie Brooks,Irvin Brooks,Jerry Brooks,Jess Brooks,Joe Brooks,Mandy Brooks,Sidney Brooks,Trenton Brooks,J.B. Broom,Alex Broome,Scott Brosius,Sig Broskie,Jim Brosnan,Terry Bross,Frank Brosseau,Mike Brosseau,Rex Brothers,Tony Brottem,Cal Broughton,Mark Brouhard,Ben Broussard,Art Brouthers,Dan Brouthers,Joe Brovia,Scott Brow,Bob Brower,Frank Brower,Jim Brower,Louis Brower,Brown,Brown,Brown,Brown,Adrian Brown,Alton Brown,Andrew Brown,Andrew Brown,B. Brown,B.L. Brown,Barney Brown,Ben Brown,Benny Brown,Bill Brown,Bob Brown,Bobby Brown,Bobby Brown,Brant Brown,Brooks Brown,Buster Brown,Carroll Brown,Charlie Brown,Chris Brown,Clarence Brown,Clint Brown,Corey Brown,Country Brown,Curly Brown,Curt Brown,Curtis Brown,Curtis Brown,Darrell Brown,Dave Brown,Dee Brown,Delos Brown,Dick Brown,Domonic Brown,Drummond Brown,Dusty Brown,Earl Brown,Ed Brown,Eddie Brown,Elmer Brown,Elmer Brown,Emil Brown,Fred Brown,Gary Brown,Gates Brown,George Brown,George Brown,George Brown,Hal Brown,Hunter Brown,Ike Brown,J. Brown,J. Brown,J. Brown,Jackie Brown,Jake Brown,James Brown,Jamie Brown,Jarvis Brown,Jeremy Brown,Jesse Brown,Jim Brown,Jim Brown,Jim Brown,Jimmy Brown,Joe Brown,Joe Brown,Joe Brown,John Brown,John Brown,Jophery Brown,Jordan Brown,Jumbo Brown,Keith Brown,Kevin Brown,Kevin Brown,Kevin Brown,Larry Brown,Larry Brown,Leon Brown,Lew Brown,Lindsay Brown,Lloyd Brown,Mace Brown,Mark Brown,Marty Brown,Matthew Brown,Maywood Brown,Mike Brown,Mike Brown,Mordecai Brown,Myrl Brown,Norm Brown,Oliver Brown,Ollie Brown,Oscar Brown,Ossie Brown,Paul Brown,Randy Brown,Ray Brown,Ray Brown,Robert Brown,Ronnie Brown,Roosevelt Brown,Sam Brown,Scott Brown,Scrappy Brown,Seth Brown,Steve Brown,Stub Brown,T.J. Brown,Ted Brown,Tom Brown,Tom Brown,Tom Brown,Tommy Brown,Trevor Brown,Walter Brown,Willard Brown,William Brown,Byron Browne,Earl Browne,George Browne,Jerry Browne,Pidge Browne,Barret Browning,Cal Browning,Frank Browning,Pete Browning,Tom Browning,Mark Brownson,Jonathan Broxton,Keon Broxton,Broyles,Bill Brubaker,Bruce Brubaker,JT Brubaker,Bob Bruce,Clarence Bruce,Jay Bruce,Lloyd Bruce,Lou Bruce,Fred Bruckbauer,Earle Brucker,Earle Brucker,Andy Bruckmiller,J.T. Bruett,Frank Bruggy,Jaycob Brugman,Mike Bruhert,Justin Bruihl,Vidal Bruján,Cliff Brumbaugh,Jacob Brumfield,Duff Brumley,Mike Brumley,Mike Brumley,Glenn Brummer,Greg Brummett,Tyson Brummett,Tom Brunansky,Jack Bruner,Roy Bruner,George Brunet,Justin Brunette,Brian Bruney,Tom Bruno,Arlo Brunsberg,Will Brunson,Eric Bruntlett,Bob Brush,Jim Bruske,Warren Brusstar,Bill Bruton,Jack Bruton,Ed Bruyette,Billy Bryan,Allen Bryant,Clay Bryant,Derek Bryant,Don Bryant,George Bryant,Kris Bryant,R.B. Bryant,Ralph Bryant,Ron Bryant,T.R. Bryden,Steve Brye,Tod Brynan,Zach Brzykcy,Jaime Bubela,Kris Bubic,Hal Bubser,Johnny Bucha,Bob Buchanan,Brian Buchanan,Ches Buchanan,David Buchanan,Jake Buchanan,Jim Buchanan,Jerry Buchek,Jim Bucher,Clay Buchholz,Taylor Buchholz,Ryan Buchter,John Buck,Travis Buck,Gary Buckels,Garland Buckeye,Fred Buckingham,Jess Buckles,Dick Buckley,John Buckley,Kevin Buckley,Bill Buckner,Billy Buckner,Mark Budaska,Jay Budd,Ryan Budde,Mike Buddie,Don Buddin,Mike Budnick,Mark Budzinski,Steve Buechele,Walker Buehler,Mark Buehrle,Charlie Buelow,Fritz Buelow,Francisley Bueno,Jay Buente,Art Bues,Charlie Buffinton,Damon Buford,Don Buford,James Buford,Bob Buhl,Jay Buhner,DeWayne Buice,JB Bukauskas,Cy Buker,Henry Buker,Ryan Bukvich,Jason Bulger,George Bullard,Sim Bullas,Scott Bullett,Terry Bulling,Jim Bullinger,Kirk Bullinger,Bryan Bullington,Eric Bullock,Red Bullock,Al Bumbry,Madison Bumgarner,Aaron Bummer,Nate Bump,Earl Bumpus,Josh Bunce,Melvin Bunch,Dylan Bundy,Wally Bunker,Willie Bunn,Jim Bunning,Danny Burawa,Dave Burba,Bill Burbach,Buddy Burbage,Burbank,Nelson Burbrink,Al Burch,Ernie Burch,Walter Burch,Larry Burchart,Fred Burchell,Bob Burda,Freddie Burdette,Lew Burdette,Nick Burdi,Zack Burdi,Bill Burdick,Peyton Burdick,Jack Burdock,Joe Burg,Burgen,Jake Burger,P. Burgess,Smoky Burgess,Tom Burgess,P. Burgett,Ralph Burgin,Tom Burgmeier,Bill Burgo,Ambiorix Burgos,Enrique Burgos,Enrique Burgos,Hiram Burgos,Raymond Burgos,Bill Burich,Mack Burk,Sandy Burk,Chauncey Burkam,Elmer Burkart,Billy Burke,Bobby Burke,Brock Burke,Chris Burke,Dan Burke,Eddie Burke,Ernest Burke,Frank Burke,Glenn Burke,Greg Burke,James Burke,Jamie Burke,Jimmy Burke,Joe Burke,Joe Burke,John Burke,John Burke,Leo Burke,Les Burke,Mike Burke,Pat Burke,Sean Burke,Steve Burke,Tim Burke,William Burke,Jesse Burkett,John Burkett,Ken Burkhart,Morgan Burkhart,Ellis Burks,Alec Burleson,Rick Burleson,Corbin Burnes,A.J. Burnett,Alex Burnett,Hercules Burnett,Johnny Burnett,Sean Burnett,Tex Burnett,Wally Burnette,Willie Burnham,Jeromy Burnitz,Andy Burns,Bill Burns,Billy Burns,Britt Burns,C.B. Burns,Cory Burns,Dennis Burns,Dick Burns,Ed Burns,Farmer Burns,George Burns,George Burns,Jack Burns,Jack Burns,Jim Burns,Joe Burns,Joe Burns,John Burns,Joseph Burns,Mike Burns,Thomas Burns,Todd Burns,Tom Burns,Willie Burns,Pete Burnside,Sheldon Burnside,George Burpo,Ryan Burr,Tom Burr,Frank Burrell,Harry Burrell,Pat Burrell,Brian Burres,Larry Burright,Al Burris,Paul Burris,Ray Burris,Samuel Burris,Emmanuel Burriss,Henry Burroughs,Jeff Burroughs,Sean Burroughs,Burrows,Beau Burrows,John Burrows,Mike Burrows,Terry Burrows,Dick Burrus,Frank Burt,Dick Burton,Ellis Burton,Jared Burton,Jim Burton,Sammy Burton,Moe Burtschy,Dennis Burtt,Bill Burwell,Dick Burwell,Jim Busby,Jim Busby,Mike Busby,Paul Busby,Steve Busby,Ed Busch,Michael Busch,Mike Busch,Brian Buscher,Don Buschhorn,Matt Buschmann,Alan Busenitz,Bullet Joe Bush,Dave Bush,Donie Bush,Guy Bush,Homer Bush,Ky Bush,Matt Bush,Randy Bush,Jack Bushelman,Frank Bushey,Chris Bushing,Doc Bushong,Joe Buskey,Mike Buskey,Tom Buskey,Nick Buss,Ray Busse,Herbert Buster,Hank Butcher,John Butcher,Max Butcher,Mike Butcher,Drew Butera,Sal Butera,Ed Butka,Bill Butland,Butler,Adam Butler,Art Butler,Bill Butler,Bill Butler,Billy Butler,Brent Butler,Brett Butler,Cecil Butler,Charlie Butler,Dan Butler,Dick Butler,Ed Butler,Eddie Butler,Frank Butler,Frank Butler,Ike Butler,Joey Butler,John Butler,Johnny Butler,Josh Butler,Keith Butler,Kid Butler,Lawrence Butler,Rich Butler,Rob Butler,Tom Butters,Frank Buttery,José Buttó,Ty Buttrey,Tommy Butts,Byron Buxton,Ralph Buxton,Joe Buzas,John Buzhardt,Subby Byas,Bud Byerly,Bill Byers,Randy Byers,Freddie Bynum,Mike Bynum,Bill Byrd,Harry Byrd,Jeff Byrd,Jim Byrd,Marlon Byrd,Ollie Byrd,Paul Byrd,Samuel Byrd,Tim Byrdak,Bobby Byrne,Jerry Byrne,Tommy Byrne,Eric Byrnes,Jim Byrnes,Milt Byrnes,Cyril Byron,Marty Bystrom"
